<?xml version="1.0" encoding="utf-8"?>
<layer-list>
    <item>
        <shape xmlns:android="http://schemas.android.com/apk/res/android"
            android:shape="rectangle"

            >
            <corners android:radius="15dp" />
            <gradient
                android:centerColor="@color/skyBlueLight"
                android:endColor="@color/skyBlueDark"
                android:startColor="@color/skyBlueDark"
                android:angle="45"  />
<padding android:right="@dimen/_1sdp"
    android:left="@dimen/_1sdp"
    android:top="@dimen/_1sdp"
    android:bottom="@dimen/_1sdp"/>

        </shape>
    </item>
   <!-- <item>
        <shape xmlns:android="http://schemas.android.com/apk/res/android"
            android:shape="rectangle"
            >
            <corners android:radius="5dp" />

            <solid android:color="@color/white" />

        </shape>
    </item>-->
</layer-list>
