<layer-list xmlns:android="http://schemas.android.com/apk/res/android">

    <item android:top="5dp" android:right="10dp" android:left="10dp">
        <shape android:shape="rectangle" >
            <solid android:color="#F4F4F4" />
            <padding android:bottom="@dimen/_5sdp"
                android:left="@dimen/_5sdp"
                android:right="@dimen/_5sdp"
                android:top="@dimen/_5sdp"/>
        </shape>

    </item>
    <item android:drawable="@drawable/ic_chevron_right_black_24dp"
android:gravity="end|center_vertical" android:right="@dimen/_10sdp"
        >
        <shape>
            <solid android:color="@android:color/black" />
            <stroke
                android:width="5dp"
                android:color="#000000" />
        </shape>
        <!--
        android:dashGap="10px"
                android:dashWidth="10px"
                -->
    </item>
    <!--
    <item android:top="2dp" android:right="2dp" android:left="2dp">
        <shape>
            <solid android:color="@android:color/transparent" />
            <stroke
                android:width="5dp"
                android:color="#FFFFFF" />
        </shape>
        &lt;!&ndash;
        android:dashGap="10px"
                android:dashWidth="10px"
                &ndash;&gt;
    </item>-->

</layer-list>